Mutation,DDG,,,Fitness,,Mutation,DDG,,Fitness
"EB923E,QB926A;",0,,,1.099290239,,"EB923Q,TB924G,QB926P;",0.11,,-0.902534055
"EB923R,TB924K;",5.21,,,-0.075221273,,"EB923M,TB924V,QB926A;",-1.68,,1.229621397
"EB923Q,TB924W;",-0.01,,,0.080758321,,"EB923K,TB924S,QB926A;",0.64,,-0.209820413
"EB923H,TB924L;",-1.61,,,0.853545414,,"EB923R,TB924K,QB926Q;",2.13,,-0.075221273
,,,,,,"EB923C,TB924R,QB926E;",-1.26,,-0.230465399
,,,,,,"EB923Q,TB924W,QB926Q;",-0.01,,0.080758321
,,,,,,"EB923W,TB924D,QB926E;",0.21,,0.034075331
,,,,,,"EB923H,TB924L,QB926Q;",-1.61,,0.853545414
,,,,,,"EB923R,TB924R,QB926A;",4.89,,-0.917250319
,,,,,,"EB923G,TB924D,QB926E;",1.08,,-1.256718519
,,,,,,"EB923M,TB924R,QB926A;",-1.18,,0.470118008
